Id,FirstName,LastName,FullName,Email,City,Phone
1,Torrey,Beer,Torrey Beer,blaze.harvey@brakus.org,South Amparo,(558) 818-7283
2,Clovis,Hansen,Clovis Hansen,dejah@schulist.biz,Lakinville,334-416-0062
3,Paxton,Predovic,Paxton Predovic,charlotte@hodkiewicz.org,Margaretchester,581-165-5600
4,Yoshiko,Tromp,Yoshiko Tromp,sanford@hackettsauer.io,Garlandshire,618-618-2824
5,Mortimer,Ebert,Mortimer Ebert,willa@thompsonstracke.biz,Ardithtown,485-114-4157
6,Idell,Cummerata,Idell Cummerata,maximo.walker@fadel.org,Hesterfort,(687) 613-4511
7,Margie,Armstrong,Margie Armstrong,donald@predovicwolff.name,New Reinaside,1-885-028-8763
8,Kyleigh,Connelly,Kyleigh Connelly,darrion_harris@kovaceklubowitz.name,Betheltown,885-273-6721
9,Mikel,Weimann,Mikel Weimann,oda@mayer.org,Lake Elissaborough,(027) 808-6481
10,Karen,Luettgen,Karen Luettgen,lupe_hoppe@conroycasper.net,Lake Jenaton,(283) 440-2831
11,Winston,Raynor,Winston Raynor,ashlee@ebert.co,Bartolettimouth,848-103-0528
12,Jaiden,Rohan,Jaiden Rohan,baylee@tremblay.net,Ornshire,401-037-0780
13,Carson,Wolff,Carson Wolff,ciara@effertzprohaska.net,Bernhardside,535.547.2764
14,Crawford,Paucek,Crawford Paucek,anjali_pacocha@lednerokon.info,Nathanialhaven,238-245-6632
15,Elnora,DuBuque,Elnora DuBuque,garrett@strackedickinson.com,South Angelo,361-887-0441
16,Lionel,Hagenes,Lionel Hagenes,ryann@quitzon.net,Port Ed,(464) 765-4676
17,Melvina,Muller,Melvina Muller,macy@hagenes.biz,Toneyside,757.757.2065
18,Courtney,Berge,Courtney Berge,devyn_kuhic@schroeder.io,Lake Veda,1-636-668-5168
19,Della,Moore,Della Moore,angie.rath@goodwin.io,New Bessie,014-222-0236
20,Laurel,Prosacco,Laurel Prosacco,dixie_leffler@barrows.org,Lake Bo,1-115-870-5252
21,Anissa,Stehr,Anissa Stehr,issac_pacocha@graham.io,Kelvinbury,(312) 146-6726
22,Maxwell,Klein,Maxwell Klein,paolo@welch.net,Effiehaven,887.727.0043
23,Nelson,Adams,Nelson Adams,keith@schuster.name,Grimesside,(203) 630-8466
24,Jeffery,Hagenes,Jeffery Hagenes,johnson.trantow@schaefer.info,Ransomhaven,274-080-1036
25,Payton,Kilback,Payton Kilback,shawn@oconnellbotsford.org,North Karianneshire,(435) 054-8020
26,Chyna,Wisozk,Chyna Wisozk,glenda.mante@batzjacobs.com,Kemmershire,668-011-8567
27,Lesley,Mertz,Lesley Mertz,omari@goldner.name,East Stacey,(500) 627-6264
28,Sierra,Abernathy,Sierra Abernathy,jeremie.runolfsson@sauer.co,North Coltenstad,177.005.6331
29,Fausto,Kunde,Fausto Kunde,annabell@haag.net,New Zion,274.826.8653
30,Leon,Treutel,Leon Treutel,eriberto.hirthe@cummeratahartmann.name,South Mona,1-086-353-8342
31,Hailie,Thompson,Hailie Thompson,chelsey@konopelski.biz,Lake Vanhaven,737-536-4153
32,Floyd,Green,Floyd Green,darion@kuhn.io,Christiansenport,264.518.3230
33,Tressie,Frami,Tressie Frami,joseph@pfannerstill.info,Sammiefort,737.202.7170
34,Federico,Hilpert,Federico Hilpert,adele.johnson@swift.info,Sauermouth,776.811.4228
35,Branson,Lemke,Branson Lemke,melyna_douglas@bayer.biz,Omaview,750-183-3121
36,Rebeka,Waters,Rebeka Waters,ismael@kozey.com,Coraberg,(335) 363-0681
37,Aurelio,Beer,Aurelio Beer,mathias@kunze.co,South Jodyview,1-335-174-4351
38,Eric,Goldner,Eric Goldner,demond@lockmanmurray.io,Vivianemouth,702-471-0661
39,Tyrell,Lesch,Tyrell Lesch,keshawn@strosin.name,Dickensberg,481.175.8402
40,Harry,Strosin,Harry Strosin,clark@kuhlman.com,New Stevie,(077) 750-6752
41,Euna,Sporer,Euna Sporer,joanny@marquardt.net,Jeanland,1-201-013-7025
42,Hiram,Parker,Hiram Parker,autumn_haag@stehr.name,West Emmystad,(678) 207-2357
43,Devan,Beier,Devan Beier,cleveland@denesik.io,West Davonte,(453) 754-8601
44,Heath,Gorczany,Heath Gorczany,timmy_hammes@gibson.name,South Rosie,1-318-066-2328
45,Wilburn,Stiedemann,Wilburn Stiedemann,gino@mertzbuckridge.net,Magnoliaport,756.050.0406
46,Oral,Wintheiser,Oral Wintheiser,shane@bailey.name,Brendanberg,380-803-0001
47,Gillian,Kertzmann,Gillian Kertzmann,kayden@ziemann.co,Kunzeview,367-148-6608
48,Drew,Satterfield,Drew Satterfield,lenny.kling@bartoletti.com,Marcellaland,081-622-6252
49,Emmanuel,Pfannerstill,Emmanuel Pfannerstill,beth.parker@lesch.org,New Arnulfo,1-125-687-4602
50,Dominic,Kessler,Dominic Kessler,gino@dubuquehodkiewicz.io,New Tomside,(476) 372-0440
51,Eino,Gislason,Eino Gislason,eve@heathcote.info,Port Kaileemouth,524.455.5372
52,Ellis,Bailey,Ellis Bailey,simeon.legros@schmitt.com,New Marjoryfurt,1-141-605-7357
53,Roberta,Macejkovic,Roberta Macejkovic,rosalee_kassulke@stantonjohnston.info,Lake Etha,001-081-2070
54,Jean,Balistreri,Jean Balistreri,jean_schaefer@donnellyhaley.org,Port Buck,(470) 783-5407
55,Tyra,Reichert,Tyra Reichert,keagan.hirthe@reinger.info,Quitzonview,1-823-675-4867
56,Shanie,Schmitt,Shanie Schmitt,jalyn_wilderman@bradtke.io,Arthurfort,1-238-826-1312
57,Julie,Lemke,Julie Lemke,fredrick@dach.name,Port Letaview,(383) 238-3353
58,Antoinette,Simonis,Antoinette Simonis,priscilla@feilkoelpin.info,Cobyshire,1-853-260-1234
59,Dock,Langosh,Dock Langosh,gwen@stehr.io,Port Manleyburgh,(588) 527-6234
60,Kasey,Schiller,Kasey Schiller,merritt@howe.net,New Bradleytown,822-376-2510
61,Sofia,Barton,Sofia Barton,nat.davis@kerlukeleuschke.org,Colleenfurt,(685) 216-0178
62,Fredrick,Parisian,Fredrick Parisian,chauncey.schneider@orn.net,Parkerside,005.242.5512
63,Edd,Bergnaum,Edd Bergnaum,braxton@haley.co,Erniefort,137.813.6702
64,Rossie,Hahn,Rossie Hahn,sabina_reinger@oconner.com,Port Maxchester,008.323.7576
65,Aletha,Cummings,Aletha Cummings,lorenza@schaefer.name,North Krystelshire,1-214-554-8680
66,Emily,Kunde,Emily Kunde,fleta@crona.co,Brekkemouth,(331) 268-1451
67,Valentina,Hammes,Valentina Hammes,alyce@okeefeerdman.org,South Jefferyview,(302) 637-2581
68,Arely,Hansen,Arely Hansen,viviane@johns.name,East Kingmouth,813.301.4066
69,Susanna,Jenkins,Susanna Jenkins,leanna.bayer@kiehn.com,Stokesport,(713) 877-2321
70,Napoleon,Feest,Napoleon Feest,marilyne_armstrong@hamill.info,West Rickiebury,384-022-4600
71,Glen,Monahan,Glen Monahan,marty.olson@fadelwunsch.info,Port Kody,(737) 576-0752
72,Genevieve,Hartmann,Genevieve Hartmann,miller.marvin@dare.io,West Kelsihaven,838-687-0861
73,Cassidy,Bechtelar,Cassidy Bechtelar,olen_schumm@lockmanreynolds.name,Lake Moriahmouth,(234) 363-2586
74,Clovis,Goodwin,Clovis Goodwin,karli@sawayn.net,Hegmannburgh,367-640-4013
75,Darius,Hahn,Darius Hahn,libby.hintz@rath.io,Lake Lupe,1-280-317-6580
76,Antone,Langworth,Antone Langworth,amelia.howe@cole.org,East Beverlybury,505.410.5464
77,Charles,Barton,Charles Barton,deontae_legros@blickhartmann.name,South Herman,778-644-6831
78,Colton,Stokes,Colton Stokes,caden@kingcarter.io,West Deshaunchester,136-716-3517
79,Felton,Lind,Felton Lind,gracie@wiegandcartwright.net,Hilpertport,242-110-8440
80,Ernestina,Moore,Ernestina Moore,joana_abernathy@kiehn.org,Hicklefort,1-638-507-0177
81,Jarod,Hackett,Jarod Hackett,alvah.white@brown.co,Purdymouth,738.115.1124
82,Nia,Mayert,Nia Mayert,flavie@wintheiser.co,Lubowitzland,(086) 287-3541
83,Mona,Herzog,Mona Herzog,dillon.schulist@hartmann.io,Leonardtown,511-340-4146
84,June,Koelpin,June Koelpin,ezequiel_bashirian@bosco.org,Alexandreashire,(302) 843-4118
85,Sylvan,Feeney,Sylvan Feeney,graciela@mertz.name,Maureenshire,1-351-675-6380
86,Bret,Nader,Bret Nader,ali@prosacco.io,Lake Lia,871.577.6020
87,Adrien,Lebsack,Adrien Lebsack,jeanette.harris@simonis.io,East Arnoborough,580.850.3816
88,Josephine,Conroy,Josephine Conroy,colton@thompsonritchie.biz,Angelitaside,(321) 570-3402
89,Schuyler,Upton,Schuyler Upton,eldridge.feil@kuhlmanprosacco.biz,North Cedrick,877.416.7748
90,Magali,Luettgen,Magali Luettgen,aileen_barrows@kshlerinkreiger.io,Jeremiefurt,1-603-374-7145
91,Marlen,Parker,Marlen Parker,fabian_block@turnerlangosh.co,Lake Alexandra,381-133-1317
92,Mattie,Lesch,Mattie Lesch,oren.dibbert@zulauf.net,West Columbuston,527.883.6834
93,Elijah,Upton,Elijah Upton,tiara_green@rathbosco.info,Mullermouth,662-857-8484
94,Adolf,Orn,Adolf Orn,kaleigh.green@klockoraynor.io,Streichville,617.641.6864
95,Alexis,Sporer,Alexis Sporer,benny@schumm.biz,South Julietport,330-476-0783
96,Julius,White,Julius White,reilly_paucek@homenickmosciski.net,Gloriafurt,730.405.8353
97,Sandrine,Quigley,Sandrine Quigley,aubree_mcglynn@rice.name,Stromanbury,(035) 841-2784
98,Louisa,Jacobs,Louisa Jacobs,arianna.leffler@kohlerbatz.io,Lake Edfort,1-807-803-1068
99,Pierre,O'Reilly,Pierre O'Reilly,osvaldo@lowenienow.org,Lake Gerardo,(634) 027-4677
100,Oswaldo,Watsica,Oswaldo Watsica,dustin.lockman@raynorjacobs.biz,Danefurt,1-742-546-6152
101,Gail,Kuhlman,Gail Kuhlman,derek@mrazspinka.io,Port Joanie,1-742-877-5415
102,Alexandra,Ebert,Alexandra Ebert,harley_grady@olsonmosciski.biz,Lake Curtis,(741) 723-5714
103,Oliver,Bashirian,Oliver Bashirian,orland@gleichner.org,South Glenda,061.685.8526
104,Sunny,Wolff,Sunny Wolff,emily_lesch@kleinrowe.com,North Aidanburgh,(276) 678-3670
105,Anne,Gorczany,Anne Gorczany,elisa.mclaughlin@maggio.net,West Kailynbury,285.676.3105
106,Eric,Dibbert,Eric Dibbert,chelsey_gleichner@volkmanpacocha.name,New Annehaven,020.664.6582
107,Ella,Stokes,Ella Stokes,cory@bruen.biz,West Lilla,601-278-8455
108,Kyla,Treutel,Kyla Treutel,norberto.dooley@bogisichgutkowski.org,Bednarfort,(387) 212-5317
109,Gregorio,Zemlak,Gregorio Zemlak,barry.ryan@kozey.io,West Meaghanstad,861-835-6012
110,Reinhold,Lynch,Reinhold Lynch,oscar.murazik@hellerkihn.net,Strackeshire,1-604-227-3348
111,Yessenia,Mosciski,Yessenia Mosciski,cathryn_botsford@cummings.io,New Salvadorfurt,081.510.4526
112,Mohamed,Zboncak,Mohamed Zboncak,lauriane.wisoky@leffler.net,Schultzstad,738.755.2302
113,Janet,Yost,Janet Yost,gaston@frami.info,Lake Einobury,(558) 553-6068
114,Virginie,Nicolas,Virginie Nicolas,kennedy@oconnell.biz,North Dean,035.074.3826
115,Jovani,Rogahn,Jovani Rogahn,rosalyn.lakin@schaeferdouglas.name,Carolynhaven,1-204-463-7421
116,Barton,Homenick,Barton Homenick,cornelius@bednargleason.co,Port Lillie,557.871.3661
117,Tyrique,Glover,Tyrique Glover,christop_jacobs@altenwerth.net,Port Doyleview,1-566-416-8253
118,Shannon,Cummerata,Shannon Cummerata,kira@millswitting.com,Meaghanton,802.823.7183
119,Devan,Bogan,Devan Bogan,pearlie@cole.org,Fionamouth,104-076-3867
120,Jessy,Simonis,Jessy Simonis,dimitri.pollich@wolff.org,Port Sonny,035-261-0153
